"","L2/3","Oligo_1","AST-PP","OPC_1","L4_1","IN-VIP","L4_2","IN-PV","Neu-NRGN-II","Oligo_2","Microglia","IN-SST","L5/6-CC","IN-SV2C","L5/6_1","Endothelial","L5/6_2","OPC_2"
"Mean",0.187081382390599,0.141062511583686,0.101455692061454,0.0627435222548688,0.0572909668725607,0.0575773516056423,0.0560964679210991,0.0504516633689929,0.066599634730201,0.0577056391435244,0.034997793171483,0.0327554194756038,0.0284418699386781,0.0221378320989456,0.0170345877595659,0.0128959709425432,0.00833281804251922,0.00533887663803353
"Var",0.00057985603443332,0.00557559785232725,0.00163571363784185,6.96057457591864e-05,7.86236705832167e-05,0.000127353481048143,0.000263267867056137,0.000190583535331017,0.00385230849802078,0.00233949506887467,0.000116291821996189,3.96461207976514e-05,1.76365837186438e-05,1.3334924544995e-05,2.59041646498146e-05,5.88287548867916e-05,1.81986367795546e-05,2.38641186931715e-05
"Min",0.111295885495929,0,0,0.0329291883559457,0.0314733322744212,0.0239806235149368,0.00572049590570355,0.0110467325092326,0,0,0.00269709664815201,0.0127063852066332,0.0170548552904774,0.00944841965247977,0.00378635066942272,0,0,0
"Max",0.280714923493649,0.393447906052258,0.268385730094916,0.0869994691542962,0.0809980804049826,0.0907570375523725,0.103013440534229,0.133321969612445,0.257746202489689,0.304949887674706,0.0678884560599421,0.0592212457250986,0.0431864589372763,0.0351171333839582,0.0377060952281108,0.0398562399608096,0.0227246653684676,0.023717009717517
